epoch,f1-score,iou_score,loss,lr,val_f1-score,val_iou_score,val_loss
0,0.4323919713497162,0.41595277190208435,0.9230508804321289,1e-04,0.45213431119918823,0.4276973009109497,0.91576087474823
